{
    "metadata":{
        "version":3,
        "normal":36,
        "type":"BufferGeometry",
        "position":36,
        "generator":"io_three"
    },
    "data":{
        "groups":[{
            "materialIndex":0,
            "start":0,
            "count":36
        }],
        "attributes":{
            "normal":{
                "type":"Float32Array",
                "itemSize":3,
                "array":[0.0275523,-0.269678,-0.962556,0.0275523,-0.269678,-0.962556,0.0275523,-0.269678,-0.962556,-0.0275523,0.269678,0.962556,-0.0275523,0.269678,0.962556,-0.0275523,0.269678,0.962556,0.699661,0.692936,-0.174112,0.699661,0.692936,-0.174112,0.699661,0.692936,-0.174112,0.713944,-0.668666,0.207775,0.713944,-0.668666,0.207775,0.713944,-0.668666,0.207775,-0.699661,-0.692936,0.174112,-0.699661,-0.692936,0.174112,-0.699661,-0.692936,0.174112,-0.713944,0.668666,-0.207775,-0.713944,0.668666,-0.207775,-0.713944,0.668666,-0.207775,0.0275523,-0.269678,-0.962556,0.0275523,-0.269678,-0.962556,0.0275523,-0.269678,-0.962556,-0.0275523,0.269678,0.962556,-0.0275523,0.269678,0.962556,-0.0275523,0.269678,0.962556,0.699661,0.692935,-0.174111,0.699661,0.692935,-0.174111,0.699661,0.692935,-0.174111,0.713943,-0.668666,0.207775,0.713943,-0.668666,0.207775,0.713943,-0.668666,0.207775,-0.699661,-0.692936,0.174112,-0.699661,-0.692936,0.174112,-0.699661,-0.692936,0.174112,-0.713944,0.668666,-0.207775,-0.713944,0.668666,-0.207775,-0.713944,0.668666,-0.207775]
            },
            "position":{
                "type":"Float32Array",
                "itemSize":3,
                "array":[0.0132695,1.89789,-1.34444,0.0418349,-0.825312,-0.580669,-1.38605,0.51202,-0.99622,-1.44116,1.05138,0.928893,1.38605,1.09991,0.99622,-0.0418344,2.43725,0.580669,-0.0418344,2.43725,0.580669,1.44116,0.560559,-0.928893,0.0132695,1.89789,-1.34444,1.38605,1.09991,0.99622,0.0418349,-0.825312,-0.580669,1.44116,0.560559,-0.928893,0.0418349,-0.825312,-0.580669,-1.44116,1.05138,0.928893,-1.38605,0.51202,-0.99622,0.0132695,1.89789,-1.34444,-1.44116,1.05138,0.928893,-0.0418344,2.43725,0.580669,0.0132695,1.89789,-1.34444,1.44116,0.560559,-0.928893,0.0418349,-0.825312,-0.580669,-1.44116,1.05138,0.928893,-0.0132699,-0.285956,1.34444,1.38605,1.09991,0.99622,-0.0418344,2.43725,0.580669,1.38605,1.09991,0.99622,1.44116,0.560559,-0.928893,1.38605,1.09991,0.99622,-0.0132699,-0.285956,1.34444,0.0418349,-0.825312,-0.580669,0.0418349,-0.825312,-0.580669,-0.0132699,-0.285956,1.34444,-1.44116,1.05138,0.928893,0.0132695,1.89789,-1.34444,-1.38605,0.51202,-0.99622,-1.44116,1.05138,0.928893]
            }
        },
        "index":{
            "type":"Uint16Array",
            "itemSize":1,
            "array":[0,1,2,3,4,5,6,7,8,9,10,11,12,13,14,15,16,17,18,19,20,21,22,23,24,25,26,27,28,29,30,31,32,33,34,35]
        }
    }
}